id,Name,N,E,Z,Lat,Lon,H,AntH,σN,σE,σZ,Ave Times,Status,StartLocal time,EndLocal time,StartUTC,EndUTC,Desc,Latency,Sats,Shared Sats,PDOP,Elevation(°),VRS Name,Base Lat,Base Lon,Base H(Phase Center),Station,Tilt Angel,Tilt Azi
1,B031616,133305.9874,446320.1458,27.7087," 05°12′09.19565″"," 06°28′38.30364″",27.7087,1.3959,0.0000,0.0000,0.0000,5,Fix Pos,2026-03-16 16:07:12.0,2026-03-16 16:07:16.0,2026-03-16 15:07:12.0,2026-03-16 15:07:16.0,set_base,0.0,0,0,0.0000,0,," 00°00′00.00000″"," 00°00′00.00000″",0.0000,0.0000," 00°00′00″",
2,peg_6 chk,133232.4567,446388.9857,9.1219," 05°12′06.80996″"," 06°28′40.54582″",9.1219,2.0727,0.0075,0.0099,0.0186,1,RTK Fix,2026-03-16 16:12:28.0,2026-03-16 16:12:28.0,2026-03-16 15:12:28.0,2026-03-16 15:12:28.0,,2.0,41,35,1.0840,10,," 05°12′09.19564″"," 06°28′38.30364″",29.1046,0.0000," 00°24′17″",
3,sh,133229.3014,446341.3166,9.0634," 05°12′06.70231″"," 06°28′38.99881″",9.0634,1.6717,0.0092,0.0083,0.0160,1,RTK Fix,2026-03-16 16:19:47.0,2026-03-16 16:19:47.0,2026-03-16 15:19:47.0,2026-03-16 15:19:47.0,,1.0,41,31,1.2063,10,," 05°12′09.19564″"," 06°28′38.30364″",29.1046,0.0000," 02°04′53″"," 220°30′01.85″"
4,sh1,133235.4859,446332.1286,9.2928," 05°12′06.90261″"," 06°28′38.69993″",9.2928,1.6717,0.0089,0.0079,0.0148,1,RTK Fix,2026-03-16 16:20:42.0,2026-03-16 16:20:42.0,2026-03-16 15:20:42.0,2026-03-16 15:20:42.0,,2.0,39,34,1.0500,10,," 05°12′09.19564″"," 06°28′38.30364″",29.1046,0.0000," 05°07′28″"," 204°45′39.07″"
5,sh2,133229.8787,446325.0725,9.1467," 05°12′06.71940″"," 06°28′38.47147″",9.1467,1.6717,0.0094,0.0081,0.0150,1,RTK Fix,2026-03-16 16:21:26.0,2026-03-16 16:21:26.0,2026-03-16 15:21:26.0,2026-03-16 15:21:26.0,,2.0,41,28,1.1336,10,," 05°12′09.19564″"," 06°28′38.30364″",29.1046,0.0000," 01°24′48″"," 130°05′47.52″"
6,sh3,133223.1469,446333.2736,9.0045," 05°12′06.50119″"," 06°28′38.73838″",9.0045,1.6717,0.0051,0.0046,0.0077,1,RTK Fix,2026-03-16 16:22:20.0,2026-03-16 16:22:20.0,2026-03-16 15:22:20.0,2026-03-16 15:22:20.0,,2.0,41,34,1.1210,10,," 05°12′09.19564″"," 06°28′38.30364″",29.1046,0.0000," 01°29′00″"," 168°10′26.78″"
7,sh4,133218.0801,446342.4665,9.4066," 05°12′06.33726″"," 06°28′39.03731″",9.4066,1.6717,0.0057,0.0052,0.0080,1,RTK Fix,2026-03-16 16:23:00.0,2026-03-16 16:23:00.0,2026-03-16 15:23:00.0,2026-03-16 15:23:00.0,,2.0,41,34,1.1147,10,," 05°12′09.19564″"," 06°28′38.30364″",29.1046,0.0000," 05°12′23″"," 221°11′30.51″"
8,sh5,133212.5511,446348.4555,9.1942," 05°12′06.15796″"," 06°28′39.23228″",9.1942,1.6717,0.0062,0.0060,0.0088,1,RTK Fix,2026-03-16 16:23:16.0,2026-03-16 16:23:16.0,2026-03-16 15:23:16.0,2026-03-16 15:23:16.0,,2.0,40,31,1.1584,10,," 05°12′09.19564″"," 06°28′38.30364″",29.1046,0.0000," 05°58′24″"," 210°02′43.25″"
9,sh6,133204.8070,446343.7964,8.9830," 05°12′05.90546″"," 06°28′39.08185″",8.9830,1.6717,0.0099,0.0092,0.0154,1,RTK Fix,2026-03-16 16:23:32.0,2026-03-16 16:23:32.0,2026-03-16 15:23:32.0,2026-03-16 15:23:32.0,,2.0,41,32,1.1686,10,," 05°12′09.19564″"," 06°28′38.30364″",29.1046,0.0000," 04°02′18″"," 192°19′59.60″"
10,sh7,133209.9595,446335.6039,8.8780," 05°12′06.07229″"," 06°28′38.81539″",8.8780,1.6717,0.0055,0.0051,0.0083,1,RTK Fix,2026-03-16 16:23:52.0,2026-03-16 16:23:52.0,2026-03-16 15:23:52.0,2026-03-16 15:23:52.0,,2.0,40,34,1.1213,10,," 05°12′09.19564″"," 06°28′38.30364″",29.1046,0.0000," 01°42′06″"," 135°14′12.42″"
11,sh7,133209.9595,446335.6039,8.8780," 05°12′06.07229″"," 06°28′38.81539″",8.8780,1.6717,0.0055,0.0051,0.0083,1,RTK Fix,2026-03-16 16:23:52.0,2026-03-16 16:23:52.0,2026-03-16 15:23:52.0,2026-03-16 15:23:52.0,,2.0,40,34,1.1213,10,," 05°12′09.19564″"," 06°28′38.30364″",29.1046,0.0000," 01°42′06″"," 135°14′12.42″"
12,sh8,133216.8062,446327.6392,8.9502," 05°12′06.29426″"," 06°28′38.55614″",8.9502,1.6717,0.0086,0.0079,0.0145,1,RTK Fix,2026-03-16 16:24:09.0,2026-03-16 16:24:09.0,2026-03-16 15:24:09.0,2026-03-16 15:24:09.0,,1.0,41,34,1.1629,10,," 05°12′09.19564″"," 06°28′38.30364″",29.1046,0.0000," 02°16′20″"," 156°50′07.92″"
13,sh9,133223.7336,446319.8469,8.9337," 05°12′06.51888″"," 06°28′38.30249″",8.9337,1.6717,0.0057,0.0054,0.0082,1,RTK Fix,2026-03-16 16:24:24.0,2026-03-16 16:24:24.0,2026-03-16 15:24:24.0,2026-03-16 15:24:24.0,,2.0,40,34,1.1763,10,," 05°12′09.19564″"," 06°28′38.30364″",29.1046,0.0000," 04°13′15″"," 109°44′39.20″"
14,sh10,133230.3833,446310.8732,9.1755," 05°12′06.73435″"," 06°28′38.01051″",9.1755,1.6717,0.0056,0.0052,0.0084,1,RTK Fix,2026-03-16 16:24:40.0,2026-03-16 16:24:40.0,2026-03-16 15:24:40.0,2026-03-16 15:24:40.0,,2.0,40,33,1.1301,10,," 05°12′09.19564″"," 06°28′38.30364″",29.1046,0.0000," 02°00′52″"," 122°38′26.86″"
15,sh11,133236.6159,446302.4039,9.6660," 05°12′06.93629″"," 06°28′37.73495″",9.6660,1.6717,0.0057,0.0052,0.0082,1,RTK Fix,2026-03-16 16:25:31.0,2026-03-16 16:25:31.0,2026-03-16 15:25:31.0,2026-03-16 15:25:31.0,,3.0,41,30,1.1130,10,," 05°12′09.19564″"," 06°28′38.30364″",29.1046,0.0000," 03°52′59″"," 137°13′26.07″"
16,sh12,133247.2495,446311.3597,10.0810," 05°12′07.28326″"," 06°28′38.02455″",10.0810,1.6717,0.0065,0.0061,0.0089,1,RTK Fix,2026-03-16 16:26:04.0,2026-03-16 16:26:04.0,2026-03-16 15:26:04.0,2026-03-16 15:26:04.0,,2.0,41,32,1.1067,10,," 05°12′09.19564″"," 06°28′38.30364″",29.1046,0.0000," 09°13′27″"," 150°27′10.06″"
17,sh13,133240.8444,446319.0524,9.7235," 05°12′07.07563″"," 06°28′38.27492″",9.7235,1.6717,0.0059,0.0054,0.0086,1,RTK Fix,2026-03-16 16:26:31.0,2026-03-16 16:26:31.0,2026-03-16 15:26:31.0,2026-03-16 15:26:31.0,,1.0,41,29,1.0563,10,," 05°12′09.19564″"," 06°28′38.30364″",29.1046,0.0000," 05°58′42″"," 178°04′04.70″"
18,sh14,133234.3292,446320.9338,9.4722," 05°12′06.86380″"," 06°28′38.33667″",9.4722,1.6717,0.0060,0.0056,0.0090,1,RTK Fix,2026-03-16 16:26:55.0,2026-03-16 16:26:55.0,2026-03-16 15:26:55.0,2026-03-16 15:26:55.0,,1.0,40,28,1.1072,10,," 05°12′09.19564″"," 06°28′38.30364″",29.1046,0.0000," 02°35′11″"," 186°12′50.80″"
19,sh15,133231.1841,446322.8878,9.3468," 05°12′06.76166″"," 06°28′38.40042″",9.3468,1.6717,0.0084,0.0071,0.0117,1,RTK Fix,2026-03-16 16:27:16.0,2026-03-16 16:27:16.0,2026-03-16 15:27:16.0,2026-03-16 15:27:16.0,,2.0,38,12,1.0944,10,," 05°12′09.19564″"," 06°28′38.30364″",29.1046,0.0000," 01°14′36″"," 293°17′51.06″"
20,sh16,133229.7220,446295.6717,9.7348," 05°12′06.71124″"," 06°28′37.51714″",9.7348,1.6717,0.0067,0.0060,0.0089,1,RTK Fix,2026-03-16 16:28:19.0,2026-03-16 16:28:19.0,2026-03-16 15:28:19.0,2026-03-16 15:28:19.0,,3.0,41,29,1.0886,10,," 05°12′09.19564″"," 06°28′38.30364″",29.1046,0.0000," 06°24′42″"," 112°10′15.10″"
21,sh17,133223.0734,446305.0825,9.1135," 05°12′06.49586″"," 06°28′37.82330″",9.1135,1.6717,0.0055,0.0052,0.0084,1,RTK Fix,2026-03-16 16:28:41.0,2026-03-16 16:28:41.0,2026-03-16 15:28:41.0,2026-03-16 15:28:41.0,,1.0,40,34,1.0828,10,," 05°12′09.19564″"," 06°28′38.30364″",29.1046,0.0000," 02°57′35″"," 127°16′23.45″"
22,sh18,133217.4180,446313.3220,8.9416," 05°12′06.31268″"," 06°28′38.09135″",8.9416,1.6717,0.0064,0.0061,0.0088,1,RTK Fix,2026-03-16 16:28:54.0,2026-03-16 16:28:54.0,2026-03-16 15:28:54.0,2026-03-16 15:28:54.0,,2.0,40,33,1.1353,10,," 05°12′09.19564″"," 06°28′38.30364″",29.1046,0.0000," 02°31′27″"," 157°08′39.92″"
23,sh19,133209.4933,446321.0528,8.8484," 05°12′06.05560″"," 06°28′38.34311″",8.8484,1.6717,0.0057,0.0054,0.0086,1,RTK Fix,2026-03-16 16:29:29.0,2026-03-16 16:29:29.0,2026-03-16 15:29:29.0,2026-03-16 15:29:29.0,,3.0,40,35,1.1412,10,," 05°12′09.19564″"," 06°28′38.30364″",29.1046,0.0000," 02°01′17″"," 248°12′35.73″"
24,sh20,133202.7844,446328.6457,8.7122," 05°12′05.83806″"," 06°28′38.59027″",8.7122,1.6717,0.0059,0.0055,0.0088,1,RTK Fix,2026-03-16 16:29:50.0,2026-03-16 16:29:50.0,2026-03-16 15:29:50.0,2026-03-16 15:29:50.0,,2.0,41,34,1.0885,10,," 05°12′09.19564″"," 06°28′38.30364″",29.1046,0.0000," 04°34′49″"," 232°25′14.44″"
25,sh21,133195.8692,446337.1898,8.9373," 05°12′05.61392″"," 06°28′38.86833″",8.9373,1.6717,0.0089,0.0083,0.0151,1,RTK Fix,2026-03-16 16:30:13.0,2026-03-16 16:30:13.0,2026-03-16 15:30:13.0,2026-03-16 15:30:13.0,,3.0,41,35,1.1782,10,," 05°12′09.19564″"," 06°28′38.30364″",29.1046,0.0000," 03°51′38″"," 223°17′44.51″"
26,sh22,133187.6883,446332.9723,8.8883," 05°12′05.34725″"," 06°28′38.73228″",8.8883,1.6717,0.0055,0.0052,0.0084,1,RTK Fix,2026-03-16 16:30:33.0,2026-03-16 16:30:33.0,2026-03-16 15:30:33.0,2026-03-16 15:30:33.0,,3.0,39,34,1.1119,10,," 05°12′09.19564″"," 06°28′38.30364″",29.1046,0.0000," 04°11′02″"," 115°33′01.77″"
27,sh23,133193.5921,446325.1277,8.7590," 05°12′05.53856″"," 06°28′38.47703″",8.7590,1.6717,0.0054,0.0051,0.0084,1,RTK Fix,2026-03-16 16:30:48.0,2026-03-16 16:30:48.0,2026-03-16 15:30:48.0,2026-03-16 15:30:48.0,,2.0,39,34,1.1110,10,," 05°12′09.19564″"," 06°28′38.30364″",29.1046,0.0000," 01°25′06″"," 106°07′23.47″"
28,sh24,133200.7473,446317.3728,8.6991," 05°12′05.77060″"," 06°28′38.22457″",8.6991,1.6717,0.0060,0.0057,0.0084,1,RTK Fix,2026-03-16 16:30:59.0,2026-03-16 16:30:59.0,2026-03-16 15:30:59.0,2026-03-16 15:30:59.0,,1.0,39,34,1.1369,10,," 05°12′09.19564″"," 06°28′38.30364″",29.1046,0.0000," 04°05′57″"," 180°28′06.25″"
29,sh25,133207.0867,446309.7354,8.8162," 05°12′05.97610″"," 06°28′37.97600″",8.8162,1.6717,0.0058,0.0054,0.0086,1,RTK Fix,2026-03-16 16:31:40.0,2026-03-16 16:31:40.0,2026-03-16 15:31:40.0,2026-03-16 15:31:40.0,,2.0,40,33,1.1259,10,," 05°12′09.19564″"," 06°28′38.30364″",29.1046,0.0000," 02°34′42″"," 346°29′27.78″"
30,sh26,133214.1266,446302.1133,8.9331," 05°12′06.20440″"," 06°28′37.72785″",8.9331,1.6717,0.0062,0.0056,0.0088,1,RTK Fix,2026-03-16 16:32:01.0,2026-03-16 16:32:01.0,2026-03-16 15:32:01.0,2026-03-16 15:32:01.0,,1.0,40,35,1.1246,10,," 05°12′09.19564″"," 06°28′38.30364″",29.1046,0.0000," 04°27′53″"," 278°59′13.35″"
31,sh27,133220.9573,446291.9323,9.4295," 05°12′06.42563″"," 06°28′37.39667″",9.4295,1.6717,0.0059,0.0055,0.0088,1,RTK Fix,2026-03-16 16:32:22.0,2026-03-16 16:32:22.0,2026-03-16 15:32:22.0,2026-03-16 15:32:22.0,,2.0,40,32,1.1232,10,," 05°12′09.19564″"," 06°28′38.30364″",29.1046,0.0000," 02°52′38″"," 97°09′13.93″"
32,sh28,133213.5231,446287.1467,9.2889," 05°12′06.18320″"," 06°28′37.24210″",9.2889,1.6717,0.0057,0.0054,0.0087,1,RTK Fix,2026-03-16 16:32:55.0,2026-03-16 16:32:55.0,2026-03-16 15:32:55.0,2026-03-16 15:32:55.0,,1.0,40,34,1.0864,10,," 05°12′09.19564″"," 06°28′38.30364″",29.1046,0.0000," 05°21′25″"," 142°30′48.94″"
33,sh29,133207.0927,446294.8749,8.8640," 05°12′05.97475″"," 06°28′37.49363″",8.8640,1.6717,0.0060,0.0052,0.0083,1,RTK Fix,2026-03-16 16:33:09.0,2026-03-16 16:33:09.0,2026-03-16 15:33:09.0,2026-03-16 15:33:09.0,,1.0,40,34,1.1299,10,," 05°12′09.19564″"," 06°28′38.30364″",29.1046,0.0000," 04°16′17″"," 95°56′22.86″"
34,sh30,133200.4202,446302.2823,8.7769," 05°12′05.75838″"," 06°28′37.73477″",8.7769,1.6717,0.0068,0.0062,0.0090,1,RTK Fix,2026-03-16 16:33:20.0,2026-03-16 16:33:20.0,2026-03-16 15:33:20.0,2026-03-16 15:33:20.0,,2.0,40,28,1.0924,10,," 05°12′09.19564″"," 06°28′38.30364″",29.1046,0.0000," 02°33′56″"," 241°00′22.76″"
35,sh31,133193.8919,446310.0622,8.8806," 05°12′05.54675″"," 06°28′37.98798″",8.8806,1.6717,0.0059,0.0057,0.0084,1,RTK Fix,2026-03-16 16:33:33.0,2026-03-16 16:33:33.0,2026-03-16 15:33:33.0,2026-03-16 15:33:33.0,,3.0,40,32,1.0838,10,," 05°12′09.19564″"," 06°28′38.30364″",29.1046,0.0000," 06°58′54″"," 227°40′05.58″"
36,sh32,133186.6609,446317.4235,8.7266," 05°12′05.31220″"," 06°28′38.22768″",8.7266,1.6717,0.0059,0.0060,0.0088,1,RTK Fix,2026-03-16 16:33:46.0,2026-03-16 16:33:46.0,2026-03-16 15:33:46.0,2026-03-16 15:33:46.0,,2.0,40,33,1.1278,10,," 05°12′09.19564″"," 06°28′38.30364″",29.1046,0.0000," 03°24′53″"," 09°38′57.27″"
37,sh33,133179.3513,446325.6957,9.0073," 05°12′05.07519″"," 06°28′38.49695″",9.0073,1.6717,0.0058,0.0056,0.0088,1,RTK Fix,2026-03-16 16:34:01.0,2026-03-16 16:34:01.0,2026-03-16 15:34:01.0,2026-03-16 15:34:01.0,,1.0,40,35,1.1514,10,," 05°12′09.19564″"," 06°28′38.30364″",29.1046,0.0000," 03°46′52″"," 125°03′42.86″"
38,sh34,133172.1118,446317.8097,8.9946," 05°12′04.83878″"," 06°28′38.24173″",8.9946,1.6717,0.0100,0.0095,0.0164,1,RTK Fix,2026-03-16 16:34:14.0,2026-03-16 16:34:14.0,2026-03-16 15:34:14.0,2026-03-16 15:34:14.0,,2.0,40,35,1.1504,10,," 05°12′09.19564″"," 06°28′38.30364″",29.1046,0.0000," 03°56′47″"," 210°03′21.78″"
39,sh35,133178.2637,446309.6568,8.7994," 05°12′05.03812″"," 06°28′37.97644″",8.7994,1.6717,0.0064,0.0061,0.0089,1,RTK Fix,2026-03-16 16:34:24.0,2026-03-16 16:34:24.0,2026-03-16 15:34:24.0,2026-03-16 15:34:24.0,,2.0,40,35,1.0981,10,," 05°12′09.19564″"," 06°28′38.30364″",29.1046,0.0000," 04°57′16″"," 05°34′28.22″"
40,sh36,133183.9742,446302.0338,8.7876," 05°12′05.22316″"," 06°28′37.72841″",8.7876,1.6717,0.0054,0.0052,0.0086,1,RTK Fix,2026-03-16 16:34:48.0,2026-03-16 16:34:48.0,2026-03-16 15:34:48.0,2026-03-16 15:34:48.0,,2.0,41,35,1.1053,10,," 05°12′09.19564″"," 06°28′38.30364″",29.1046,0.0000," 07°03′05″"," 249°21′51.94″"
41,sh37,133190.1670,446294.1312,8.8409," 05°12′05.42387″"," 06°28′37.47125″",8.8409,1.6717,0.0060,0.0057,0.0085,1,RTK Fix,2026-03-16 16:34:59.0,2026-03-16 16:34:59.0,2026-03-16 15:34:59.0,2026-03-16 15:34:59.0,,1.0,41,33,1.0889,10,," 05°12′09.19564″"," 06°28′38.30364″",29.1046,0.0000," 06°47′37″"," 235°53′38.08″"
42,sh38,133195.8521,446287.3065,8.9531," 05°12′05.60816″"," 06°28′37.24913″",8.9531,1.6717,0.0057,0.0057,0.0084,1,RTK Fix,2026-03-16 16:35:10.0,2026-03-16 16:35:10.0,2026-03-16 15:35:10.0,2026-03-16 15:35:10.0,,2.0,41,33,1.1090,10,," 05°12′09.19564″"," 06°28′38.30364″",29.1046,0.0000," 00°45′00″"," 04°33′00.00″"
43,sh39,133203.1868,446279.2540,9.3118," 05°12′05.84601″"," 06°28′36.98698″",9.3118,1.6717,0.0079,0.0052,0.0102,1,RTK Fix,2026-03-16 16:35:27.0,2026-03-16 16:35:27.0,2026-03-16 15:35:27.0,2026-03-16 15:35:27.0,,1.0,40,28,1.0687,10,," 05°12′09.19564″"," 06°28′38.30364″",29.1046,0.0000," 04°23′20″"," 85°00′19.88″"
44,sh40,133195.9880,446273.0016,9.4527," 05°12′05.61110″"," 06°28′36.78478″",9.4527,1.6717,0.0064,0.0061,0.0090,1,RTK Fix,2026-03-16 16:35:51.0,2026-03-16 16:35:51.0,2026-03-16 15:35:51.0,2026-03-16 15:35:51.0,,1.0,41,31,1.0774,10,," 05°12′09.19564″"," 06°28′38.30364″",29.1046,0.0000," 01°55′59″"," 116°00′49.11″"
45,sh41,133188.6111,446279.9297,9.0418," 05°12′05.37176″"," 06°28′37.01043″",9.0418,1.6717,0.0064,0.0061,0.0090,1,RTK Fix,2026-03-16 16:36:03.0,2026-03-16 16:36:03.0,2026-03-16 15:36:03.0,2026-03-16 15:36:03.0,,3.0,41,33,1.1273,10,," 05°12′09.19564″"," 06°28′38.30364″",29.1046,0.0000," 04°17′26″"," 93°58′56.05″"
46,sh42,133181.6761,446287.9388,8.8324," 05°12′05.14691″"," 06°28′37.27112″",8.8324,1.6717,0.0074,0.0077,0.0091,1,RTK Fix,2026-03-16 16:36:13.0,2026-03-16 16:36:13.0,2026-03-16 15:36:13.0,2026-03-16 15:36:13.0,,3.0,41,28,1.0827,10,," 05°12′09.19564″"," 06°28′38.30364″",29.1046,0.0000," 09°25′28″"," 140°05′44.26″"
47,sh43,133175.3179,446295.5155,8.8465," 05°12′04.94079″"," 06°28′37.51772″",8.8465,1.6717,0.0068,0.0064,0.0090,1,RTK Fix,2026-03-16 16:36:24.0,2026-03-16 16:36:24.0,2026-03-16 15:36:24.0,2026-03-16 15:36:24.0,,2.0,41,30,1.0719,10,," 05°12′09.19564″"," 06°28′38.30364″",29.1046,0.0000," 02°15′00″"," 316°33′05.37″"
48,sh44,133169.0549,446302.8474,8.9466," 05°12′04.73774″"," 06°28′37.75637″",8.9466,1.6717,0.0073,0.0065,0.0093,1,RTK Fix,2026-03-16 16:36:34.0,2026-03-16 16:36:34.0,2026-03-16 15:36:34.0,2026-03-16 15:36:34.0,,2.0,41,27,1.0689,10,," 05°12′09.19564″"," 06°28′38.30364″",29.1046,0.0000," 03°12′42″"," 273°25′21.92″"
49,sh45,133163.9735,446307.3739,8.8129," 05°12′04.57285″"," 06°28′37.90383″",8.8129,1.6717,0.0092,0.0090,0.0152,1,RTK Fix,2026-03-16 16:36:59.0,2026-03-16 16:36:59.0,2026-03-16 15:36:59.0,2026-03-16 15:36:59.0,,1.0,41,34,1.1380,10,," 05°12′09.19564″"," 06°28′38.30364″",29.1046,0.0000," 07°41′36″"," 196°08′35.55″"
50,sh46,133155.6634,446301.4655,8.7753," 05°12′04.30181″"," 06°28′37.71291″",8.7753,1.6717,0.0063,0.0061,0.0090,1,RTK Fix,2026-03-16 16:37:11.0,2026-03-16 16:37:11.0,2026-03-16 15:37:11.0,2026-03-16 15:37:11.0,,1.0,41,34,1.1517,10,," 05°12′09.19564″"," 06°28′38.30364″",29.1046,0.0000," 04°33′26″"," 195°18′12.32″"
51,sh47,133161.8869,446294.9521,8.8552," 05°12′04.50366″"," 06°28′37.50083″",8.8552,1.6717,0.0061,0.0055,0.0088,1,RTK Fix,2026-03-16 16:37:25.0,2026-03-16 16:37:25.0,2026-03-16 15:37:25.0,2026-03-16 15:37:25.0,,3.0,41,35,1.1856,10,," 05°12′09.19564″"," 06°28′38.30364″",29.1046,0.0000," 06°48′16″"," 270°18′39.43″"
52,sh48,133167.5882,446287.1931,8.8022," 05°12′04.68838″"," 06°28′37.24838″",8.8022,1.6717,0.0063,0.0061,0.0090,1,RTK Fix,2026-03-16 16:37:35.0,2026-03-16 16:37:35.0,2026-03-16 15:37:35.0,2026-03-16 15:37:35.0,,1.0,41,35,1.0942,10,," 05°12′09.19564″"," 06°28′38.30364″",29.1046,0.0000," 02°37′55″"," 139°01′57.07″"
53,sh49,133172.2147,446278.9774,8.8186," 05°12′04.83808″"," 06°28′36.98122″",8.8186,1.6717,0.0059,0.0057,0.0085,1,RTK Fix,2026-03-16 16:37:44.0,2026-03-16 16:37:44.0,2026-03-16 15:37:44.0,2026-03-16 15:37:44.0,,2.0,41,35,1.0936,10,," 05°12′09.19564″"," 06°28′38.30364″",29.1046,0.0000," 04°59′42″"," 230°48′13.15″"
54,sh50,133176.7859,446270.9541,9.1199," 05°12′04.98600″"," 06°28′36.72031″",9.1199,1.6717,0.0065,0.0062,0.0089,1,RTK Fix,2026-03-16 16:37:54.0,2026-03-16 16:37:54.0,2026-03-16 15:37:54.0,2026-03-16 15:37:54.0,,2.0,41,33,1.0929,10,," 05°12′09.19564″"," 06°28′38.30364″",29.1046,0.0000," 05°38′10″"," 199°35′07.47″"
55,sh51,133183.1985,446261.9684,9.2997," 05°12′05.19375″"," 06°28′36.42797″",9.2997,1.6717,0.0062,0.0058,0.0100,1,RTK Fix,2026-03-16 16:38:10.0,2026-03-16 16:38:10.0,2026-03-16 15:38:10.0,2026-03-16 15:38:10.0,,2.0,41,29,1.0806,10,," 05°12′09.19564″"," 06°28′38.30364″",29.1046,0.0000," 02°39′34″"," 224°02′46.85″"
56,sh52,133176.1632,446255.9392,9.3827," 05°12′04.96417″"," 06°28′36.23299″",9.3827,1.6717,0.0062,0.0058,0.0089,1,RTK Fix,2026-03-16 16:38:27.0,2026-03-16 16:38:27.0,2026-03-16 15:38:27.0,2026-03-16 15:38:27.0,,1.0,41,31,1.1193,10,," 05°12′09.19564″"," 06°28′38.30364″",29.1046,0.0000," 06°31′22″"," 250°07′02.03″"
57,sh53,133169.9366,446262.9158,9.0647," 05°12′04.76227″"," 06°28′36.46010″",9.0647,1.6717,0.0056,0.0057,0.0085,1,RTK Fix,2026-03-16 16:38:42.0,2026-03-16 16:38:42.0,2026-03-16 15:38:42.0,2026-03-16 15:38:42.0,,2.0,41,32,1.1184,10,," 05°12′09.19564″"," 06°28′38.30364″",29.1046,0.0000," 04°07′36″"," 179°31′04.22″"
58,sh54,133163.2895,446270.7435,8.8466," 05°12′04.54678″"," 06°28′36.71488″",8.8466,1.6717,0.0066,0.0061,0.0091,1,RTK Fix,2026-03-16 16:38:54.0,2026-03-16 16:38:54.0,2026-03-16 15:38:54.0,2026-03-16 15:38:54.0,,2.0,41,32,1.1079,10,," 05°12′09.19564″"," 06°28′38.30364″",29.1046,0.0000," 03°47′35″"," 184°15′44.38″"
59,sh55,133157.3433,446277.7914,8.8649," 05°12′04.35401″"," 06°28′36.94427″",8.8649,1.6717,0.0060,0.0057,0.0084,1,RTK Fix,2026-03-16 16:39:04.0,2026-03-16 16:39:04.0,2026-03-16 15:39:04.0,2026-03-16 15:39:04.0,,2.0,41,34,1.0783,10,," 05°12′09.19564″"," 06°28′38.30364″",29.1046,0.0000," 02°54′59″"," 222°17′15.37″"
60,sh56,133150.5019,446285.5863,8.8136," 05°12′04.13218″"," 06°28′37.19800″",8.8136,1.6717,0.0064,0.0061,0.0089,1,RTK Fix,2026-03-16 16:39:14.0,2026-03-16 16:39:14.0,2026-03-16 15:39:14.0,2026-03-16 15:39:14.0,,2.0,41,35,1.0941,10,," 05°12′09.19564″"," 06°28′38.30364″",29.1046,0.0000," 00°54′37″"," 155°27′39.25″"
61,sh57,133145.0455,446292.2105,8.6972," 05°12′03.95531″"," 06°28′37.41359″",8.6972,1.6717,0.0059,0.0057,0.0085,1,RTK Fix,2026-03-16 16:39:26.0,2026-03-16 16:39:26.0,2026-03-16 15:39:26.0,2026-03-16 15:39:26.0,,2.0,41,35,1.0543,10,," 05°12′09.19564″"," 06°28′38.30364″",29.1046,0.0000," 07°17′26″"," 213°18′58.29″"
62,sh58,133137.9355,446286.7775,8.7146," 05°12′03.72337″"," 06°28′37.23797″",8.7146,1.6717,0.0102,0.0097,0.0171,1,RTK Fix,2026-03-16 16:39:45.0,2026-03-16 16:39:45.0,2026-03-16 15:39:45.0,2026-03-16 15:39:45.0,,1.0,41,35,1.1044,10,," 05°12′09.19564″"," 06°28′38.30364″",29.1046,0.0000," 03°10′09″"," 273°37′34.92″"
63,sh59,133144.2280,446279.7793,8.7869," 05°12′03.92741″"," 06°28′37.01016″",8.7869,1.6717,0.0063,0.0061,0.0090,1,RTK Fix,2026-03-16 16:39:56.0,2026-03-16 16:39:56.0,2026-03-16 15:39:56.0,2026-03-16 15:39:56.0,,2.0,40,35,1.1036,10,," 05°12′09.19564″"," 06°28′38.30364″",29.1046,0.0000," 03°33′03″"," 288°48′23.06″"
64,sh60,133150.4343,446272.2897,8.8592," 05°12′04.12860″"," 06°28′36.76640″",8.8592,1.6717,0.0059,0.0057,0.0085,1,RTK Fix,2026-03-16 16:40:06.0,2026-03-16 16:40:06.0,2026-03-16 15:40:06.0,2026-03-16 15:40:06.0,,2.0,41,35,1.1029,10,," 05°12′09.19564″"," 06°28′38.30364″",29.1046,0.0000," 03°19′39″"," 284°41′26.52″"
65,sh61,133156.7197,446264.8204,8.7880," 05°12′04.33236″"," 06°28′36.52330″",8.7880,1.6717,0.0063,0.0061,0.0089,1,RTK Fix,2026-03-16 16:40:16.0,2026-03-16 16:40:16.0,2026-03-16 15:40:16.0,2026-03-16 15:40:16.0,,2.0,41,34,1.1022,10,," 05°12′09.19564″"," 06°28′38.30364″",29.1046,0.0000," 03°13′06″"," 235°32′06.52″"
66,sh62,133161.5455,446256.6603,9.0784," 05°12′04.48855″"," 06°28′36.25792″",9.0784,1.6717,0.0060,0.0057,0.0085,1,RTK Fix,2026-03-16 16:40:27.0,2026-03-16 16:40:27.0,2026-03-16 15:40:27.0,2026-03-16 15:40:27.0,,1.0,41,32,1.1014,10,," 05°12′09.19564″"," 06°28′38.30364″",29.1046,0.0000," 03°13′30″"," 246°36′01.32″"
67,sh63,133167.4359,446249.6979,9.3382," 05°12′04.67952″"," 06°28′36.03131″",9.3382,1.6717,0.0057,0.0055,0.0089,1,RTK Fix,2026-03-16 16:41:00.0,2026-03-16 16:41:00.0,2026-03-16 15:41:00.0,2026-03-16 15:41:00.0,,2.0,41,27,1.0440,10,," 05°12′09.19564″"," 06°28′38.30364″",29.1046,0.0000," 06°25′25″"," 78°17′48.89″"
68,sh64,133157.2962,446246.1319,9.2672," 05°12′04.34917″"," 06°28′35.91661″",9.2672,1.6717,0.0059,0.0052,0.0087,1,RTK Fix,2026-03-16 16:41:23.0,2026-03-16 16:41:23.0,2026-03-16 15:41:23.0,2026-03-16 15:41:23.0,,3.0,42,27,1.0158,10,," 05°12′09.19564″"," 06°28′38.30364″",29.1046,0.0000," 00°58′28″"," 247°28′49.95″"
69,sh65,133151.2539,446253.7787,8.8922," 05°12′04.15334″"," 06°28′36.16545″",8.8922,1.6717,0.0051,0.0051,0.0079,1,RTK Fix,2026-03-16 16:41:39.0,2026-03-16 16:41:39.0,2026-03-16 15:41:39.0,2026-03-16 15:41:39.0,,1.0,42,34,1.0519,10,," 05°12′09.19564″"," 06°28′38.30364″",29.1046,0.0000," 06°17′04″"," 200°51′36.78″"
70,sh66,133145.0187,446261.5729,8.8105," 05°12′03.95124″"," 06°28′36.41910″",8.8105,1.6717,0.0059,0.0057,0.0085,1,RTK Fix,2026-03-16 16:41:50.0,2026-03-16 16:41:50.0,2026-03-16 15:41:50.0,2026-03-16 15:41:50.0,,2.0,42,35,1.0953,10,," 05°12′09.19564″"," 06°28′38.30364″",29.1046,0.0000," 05°50′13″"," 202°12′48.16″"
71,sh67,133138.5030,446268.9429,8.7252," 05°12′03.73998″"," 06°28′36.65901″",8.7252,1.6717,0.0063,0.0061,0.0089,1,RTK Fix,2026-03-16 16:42:00.0,2026-03-16 16:42:00.0,2026-03-16 15:42:00.0,2026-03-16 15:42:00.0,,2.0,42,35,1.0946,10,," 05°12′09.19564″"," 06°28′38.30364″",29.1046,0.0000," 02°50′09″"," 294°30′57.83″"
72,sh68,133130.7441,446277.2748,8.6705," 05°12′03.48835″"," 06°28′36.93027″",8.6705,1.6717,0.0059,0.0061,0.0091,1,RTK Fix,2026-03-16 16:42:16.0,2026-03-16 16:42:16.0,2026-03-16 15:42:16.0,2026-03-16 15:42:16.0,,2.0,42,36,1.0934,10,," 05°12′09.19564″"," 06°28′38.30364″",29.1046,0.0000," 05°03′57″"," 183°34′58.44″"
73,sh69,133121.3419,446271.1487,8.5575," 05°12′03.18175″"," 06°28′36.73239″",8.5575,1.6717,0.0059,0.0052,0.0085,1,RTK Fix,2026-03-16 16:42:30.0,2026-03-16 16:42:30.0,2026-03-16 15:42:30.0,2026-03-16 15:42:30.0,,2.0,41,34,1.1279,10,," 05°12′09.19564″"," 06°28′38.30364″",29.1046,0.0000," 05°02′27″"," 75°44′23.86″"
74,sh70,133128.0464,446264.2564,8.6616," 05°12′03.39921″"," 06°28′36.50797″",8.6616,1.6717,0.0059,0.0052,0.0085,1,RTK Fix,2026-03-16 16:42:46.0,2026-03-16 16:42:46.0,2026-03-16 15:42:46.0,2026-03-16 15:42:46.0,,2.0,41,35,1.0888,10,," 05°12′09.19564″"," 06°28′38.30364″",29.1046,0.0000," 03°24′45″"," 273°32′34.92″"
75,sh71,133134.8480,446257.2721,8.8049," 05°12′03.61982″"," 06°28′36.28055″",8.8049,1.6717,0.0064,0.0061,0.0090,1,RTK Fix,2026-03-16 16:42:56.0,2026-03-16 16:42:56.0,2026-03-16 15:42:56.0,2026-03-16 15:42:56.0,,2.0,42,36,1.0819,10,," 05°12′09.19564″"," 06°28′38.30364″",29.1046,0.0000," 04°09′07″"," 262°18′01.79″"
76,sh72,133141.4237,446250.3529,8.9267," 05°12′03.83309″"," 06°28′36.05527″",8.9267,1.6717,0.0055,0.0052,0.0084,1,RTK Fix,2026-03-16 16:43:07.0,2026-03-16 16:43:07.0,2026-03-16 15:43:07.0,2026-03-16 15:43:07.0,,1.0,42,35,1.0923,10,," 05°12′09.19564″"," 06°28′38.30364″",29.1046,0.0000," 02°46′51″"," 232°47′33.92″"
77,sh73,133149.2783,446241.9325,9.2560," 05°12′04.08782″"," 06°28′35.78113″",9.2560,1.6717,0.0055,0.0051,0.0082,1,RTK Fix,2026-03-16 16:43:33.0,2026-03-16 16:43:33.0,2026-03-16 15:43:33.0,2026-03-16 15:43:33.0,,3.0,42,32,1.0333,10,," 05°12′09.19564″"," 06°28′38.30364″",29.1046,0.0000," 02°05′51″"," 227°18′27.98″"
78,sh74,133140.9773,446236.8504,9.3010," 05°12′03.81715″"," 06°28′35.61703″",9.3010,1.6717,0.0065,0.0061,0.0091,1,RTK Fix,2026-03-16 16:43:53.0,2026-03-16 16:43:53.0,2026-03-16 15:43:53.0,2026-03-16 15:43:53.0,,3.0,42,32,1.0475,10,," 05°12′09.19564″"," 06°28′38.30364″",29.1046,0.0000," 06°43′01″"," 115°23′57.54″"
79,sh75,133134.9821,446243.9961,8.9880," 05°12′03.62280″"," 06°28′35.84960″",8.9880,1.6717,0.0060,0.0061,0.0089,1,RTK Fix,2026-03-16 16:44:05.0,2026-03-16 16:44:05.0,2026-03-16 15:44:05.0,2026-03-16 15:44:05.0,,3.0,42,32,1.0913,10,," 05°12′09.19564″"," 06°28′38.30364″",29.1046,0.0000," 05°16′57″"," 169°31′44.89″"
80,sh76,133128.7937,446250.6858,8.7964," 05°12′03.42211″"," 06°28′36.06739″",8.7964,1.6717,0.0059,0.0060,0.0089,1,RTK Fix,2026-03-16 16:44:15.0,2026-03-16 16:44:15.0,2026-03-16 15:44:15.0,2026-03-16 15:44:15.0,,3.0,42,34,1.0421,10,," 05°12′09.19564″"," 06°28′38.30364″",29.1046,0.0000," 07°49′54″"," 184°46′26.83″"
81,sh77,133128.7853,446250.6861,8.8212," 05°12′03.42184″"," 06°28′36.06740″",8.8212,1.6717,0.0059,0.0061,0.0089,1,RTK Fix,2026-03-16 16:44:16.0,2026-03-16 16:44:16.0,2026-03-16 15:44:16.0,2026-03-16 15:44:16.0,,2.0,42,34,1.0420,10,," 05°12′09.19564″"," 06°28′38.30364″",29.1046,0.0000," 06°49′38″"," 185°43′47.54″"
82,sh78,133121.9121,446257.5893,8.7518," 05°12′03.19889″"," 06°28′36.29220″",8.7518,1.6717,0.0058,0.0054,0.0086,1,RTK Fix,2026-03-16 16:44:27.0,2026-03-16 16:44:27.0,2026-03-16 15:44:27.0,2026-03-16 15:44:27.0,,1.0,42,34,1.0414,10,," 05°12′09.19564″"," 06°28′38.30364″",29.1046,0.0000," 03°05′41″"," 187°11′47.84″"
83,sh79,133114.2416,446264.9717,8.6402," 05°12′02.95004″"," 06°28′36.53262″",8.6402,1.6717,0.0058,0.0056,0.0086,1,RTK Fix,2026-03-16 16:44:49.0,2026-03-16 16:44:49.0,2026-03-16 15:44:49.0,2026-03-16 15:44:49.0,,3.0,41,35,1.0944,10,," 05°12′09.19564″"," 06°28′38.30364″",29.1046,0.0000," 07°16′59″"," 240°32′47.74″"
84,sh80,133114.3381,446271.1906,8.9077," 05°12′02.95383″"," 06°28′36.73448″",8.9077,1.6717,0.0054,0.0052,0.0085,1,RTK Fix,2026-03-16 16:44:59.0,2026-03-16 16:44:59.0,2026-03-16 15:44:59.0,2026-03-16 15:44:59.0,,1.0,41,36,1.0600,10,," 05°12′09.19564″"," 06°28′38.30364″",29.1046,0.0000," 02°58′33″"," 269°05′40.82″"
85,sh81,133110.0668,446266.8971,8.7775," 05°12′02.81438″"," 06°28′36.59556″",8.7775,1.6717,0.0059,0.0057,0.0086,1,RTK Fix,2026-03-16 16:45:09.0,2026-03-16 16:45:09.0,2026-03-16 15:45:09.0,2026-03-16 15:45:09.0,,3.0,41,35,1.0582,10,," 05°12′09.19564″"," 06°28′38.30364″",29.1046,0.0000," 04°15′36″"," 239°56′43.30″"
86,sh82,133105.5751,446256.6189,8.8717," 05°12′02.66714″"," 06°28′36.26239″",8.8717,1.6717,0.0094,0.0088,0.0155,1,RTK Fix,2026-03-16 16:45:33.0,2026-03-16 16:45:33.0,2026-03-16 15:45:33.0,2026-03-16 15:45:33.0,,3.0,41,36,1.0320,10,," 05°12′09.19564″"," 06°28′38.30364″",29.1046,0.0000," 01°47′36″"," 317°22′12.97″"
87,sh83,133114.4320,446250.2830,8.6823," 05°12′02.95471″"," 06°28′36.05581″",8.6823,1.6717,0.0059,0.0057,0.0086,1,RTK Fix,2026-03-16 16:45:49.0,2026-03-16 16:45:49.0,2026-03-16 15:45:49.0,2026-03-16 15:45:49.0,,1.0,41,35,1.0431,10,," 05°12′09.19564″"," 06°28′38.30364″",29.1046,0.0000," 03°49′26″"," 332°51′04.82″"
88,sh84,133121.8811,446242.9429,8.9106," 05°12′03.19635″"," 06°28′35.81678″",8.9106,1.6717,0.0063,0.0061,0.0091,1,RTK Fix,2026-03-16 16:46:06.0,2026-03-16 16:46:06.0,2026-03-16 15:46:06.0,2026-03-16 15:46:06.0,,2.0,40,34,1.0889,10,," 05°12′09.19564″"," 06°28′38.30364″",29.1046,0.0000," 08°16′44″"," 250°38′13.45″"
89,sh85,133129.7659,446235.9985,9.2597," 05°12′03.45222″"," 06°28′35.59054″",9.2597,1.6717,0.0063,0.0061,0.0090,1,RTK Fix,2026-03-16 16:46:29.0,2026-03-16 16:46:29.0,2026-03-16 15:46:29.0,2026-03-16 15:46:29.0,,3.0,41,35,1.0857,10,," 05°12′09.19564″"," 06°28′38.30364″",29.1046,0.0000," 04°31′14″"," 212°50′43.70″"
90,sh86,133132.7940,446232.1909,9.3234," 05°12′03.55036″"," 06°28′35.46664″",9.3234,1.6717,0.0059,0.0057,0.0086,1,RTK Fix,2026-03-16 16:46:41.0,2026-03-16 16:46:41.0,2026-03-16 15:46:41.0,2026-03-16 15:46:41.0,,1.0,41,34,1.0863,10,," 05°12′09.19564″"," 06°28′38.30364″",29.1046,0.0000," 03°43′01″"," 166°10′41.51″"
91,sh87,133119.2839,446227.8865,9.3529," 05°12′03.11026″"," 06°28′35.32832″",9.3529,1.6717,0.0059,0.0054,0.0089,1,RTK Fix,2026-03-16 16:47:07.0,2026-03-16 16:47:07.0,2026-03-16 15:47:07.0,2026-03-16 15:47:07.0,,1.0,41,32,1.0511,10,," 05°12′09.19564″"," 06°28′38.30364″",29.1046,0.0000," 04°16′22″"," 357°08′52.69″"
92,sh88,133112.7518,446232.6803,8.8103," 05°12′02.89819″"," 06°28′35.48460″",8.8103,1.6717,0.0059,0.0057,0.0086,1,RTK Fix,2026-03-16 16:47:29.0,2026-03-16 16:47:29.0,2026-03-16 15:47:29.0,2026-03-16 15:47:29.0,,1.0,39,33,1.0628,10,," 05°12′09.19564″"," 06°28′38.30364″",29.1046,0.0000," 03°00′25″"," 12°00′11.53″"
93,sh89,133104.0751,446240.2569,8.7726," 05°12′02.61662″"," 06°28′35.73144″",8.7726,1.6717,0.0057,0.0054,0.0086,1,RTK Fix,2026-03-16 16:47:49.0,2026-03-16 16:47:49.0,2026-03-16 15:47:49.0,2026-03-16 15:47:49.0,,1.0,40,34,1.1008,10,," 05°12′09.19564″"," 06°28′38.30364″",29.1046,0.0000," 01°52′01″"," 209°12′01.90″"
94,sh90,133105.5331,446248.1991,9.0469," 05°12′02.66490″"," 06°28′35.98909″",9.0469,1.6717,0.0060,0.0057,0.0086,1,RTK Fix,2026-03-16 16:48:01.0,2026-03-16 16:48:01.0,2026-03-16 15:48:01.0,2026-03-16 15:48:01.0,,1.0,40,33,1.0599,10,," 05°12′09.19564″"," 06°28′38.30364″",29.1046,0.0000," 03°25′07″"," 226°35′44.18″"
95,sh91,133191.0341,446347.9745,8.8918," 05°12′05.45770″"," 06°28′39.21891″",8.8918,1.6717,0.0086,0.0082,0.0149,1,RTK Fix,2026-03-16 16:50:16.0,2026-03-16 16:50:16.0,2026-03-16 15:50:16.0,2026-03-16 15:50:16.0,,2.0,40,33,1.0701,10,," 05°12′09.19564″"," 06°28′38.30364″",29.1046,0.0000," 02°47′48″"," 295°17′35.13″"
96,sh92,133198.3096,446350.5932,8.8797," 05°12′05.69473″"," 06°28′39.30315″",8.8797,1.6717,0.0091,0.0087,0.0151,1,RTK Fix,2026-03-16 16:51:46.0,2026-03-16 16:51:46.0,2026-03-16 15:51:46.0,2026-03-16 15:51:46.0,,2.0,39,34,1.0687,10,," 05°12′09.19564″"," 06°28′38.30364″",29.1046,0.0000," 02°59′37″"," 263°24′06.86″"
97,sh93,133208.0458,446351.1459,9.1408," 05°12′06.01163″"," 06°28′39.32008″",9.1408,1.6717,0.0090,0.0082,0.0152,1,RTK Fix,2026-03-16 16:52:04.0,2026-03-16 16:52:04.0,2026-03-16 15:52:04.0,2026-03-16 15:52:04.0,,2.0,39,32,1.0632,10,," 05°12′09.19564″"," 06°28′38.30364″",29.1046,0.0000," 03°05′22″"," 227°32′29.91″"
98,sh94,133197.1015,446353.4142,8.9053," 05°12′05.65571″"," 06°28′39.39485″",8.9053,1.6717,0.0092,0.0088,0.0153,1,RTK Fix,2026-03-16 16:52:29.0,2026-03-16 16:52:29.0,2026-03-16 15:52:29.0,2026-03-16 15:52:29.0,,1.0,40,34,1.0658,10,," 05°12′09.19564″"," 06°28′38.30364″",29.1046,0.0000," 02°39′29″"," 319°13′03.50″"
99,sh95,133189.0783,446352.2552,8.9194," 05°12′05.39450″"," 06°28′39.35806″",8.9194,1.6717,0.0096,0.0090,0.0155,1,RTK Fix,2026-03-16 16:52:41.0,2026-03-16 16:52:41.0,2026-03-16 15:52:41.0,2026-03-16 15:52:41.0,,1.0,40,34,1.0649,10,," 05°12′09.19564″"," 06°28′38.30364″",29.1046,0.0000," 03°07′24″"," 344°49′49.15″"
100,sh96,133185.9586,446362.5287,8.7553," 05°12′05.29404″"," 06°28′39.69186″",8.7553,1.6717,0.0051,0.0052,0.0082,1,RTK Fix,2026-03-16 16:52:57.0,2026-03-16 16:52:57.0,2026-03-16 15:52:57.0,2026-03-16 15:52:57.0,,1.0,40,33,1.0031,10,," 05°12′09.19564″"," 06°28′38.30364″",29.1046,0.0000," 02°09′24″"," 05°29′24.03″"
101,sh97,133192.9445,446365.5751,8.9195," 05°12′05.52170″"," 06°28′39.79002″",8.9195,1.6717,0.0096,0.0089,0.0156,1,RTK Fix,2026-03-16 16:53:09.0,2026-03-16 16:53:09.0,2026-03-16 15:53:09.0,2026-03-16 15:53:09.0,,1.0,39,34,1.0509,10,," 05°12′09.19564″"," 06°28′38.30364″",29.1046,0.0000," 03°47′06″"," 256°10′55.20″"
102,sh98,133190.5178,446376.1238,8.7460," 05°12′05.44383″"," 06°28′40.13268″",8.7460,1.6717,0.0055,0.0053,0.0083,1,RTK Fix,2026-03-16 16:53:24.0,2026-03-16 16:53:24.0,2026-03-16 15:53:24.0,2026-03-16 15:53:24.0,,2.0,39,34,1.0302,10,," 05°12′09.19564″"," 06°28′38.30364″",29.1046,0.0000," 04°09′29″"," 234°16′06.66″"
103,sh99,133182.2757,446373.0931,8.8163," 05°12′05.17529″"," 06°28′40.03516″",8.8163,1.6717,0.0055,0.0053,0.0082,1,RTK Fix,2026-03-16 16:53:36.0,2026-03-16 16:53:36.0,2026-03-16 15:53:36.0,2026-03-16 15:53:36.0,,2.0,39,34,1.0489,10,," 05°12′09.19564″"," 06°28′38.30364″",29.1046,0.0000," 04°35′56″"," 349°40′14.06″"
104,sh100,133177.8019,446382.9487,8.9834," 05°12′05.03073″"," 06°28′40.35554″",8.9834,1.6717,0.0093,0.0088,0.0156,1,RTK Fix,2026-03-16 16:53:52.0,2026-03-16 16:53:52.0,2026-03-16 15:53:52.0,2026-03-16 15:53:52.0,,2.0,39,34,0.9961,10,," 05°12′09.19564″"," 06°28′38.30364″",29.1046,0.0000," 04°23′51″"," 319°32′44.32″"
105,sh101,133187.3114,446388.1971,8.8121," 05°12′05.34074″"," 06°28′40.52492″",8.8121,1.6717,0.0083,0.0079,0.0147,1,RTK Fix,2026-03-16 16:54:08.0,2026-03-16 16:54:08.0,2026-03-16 15:54:08.0,2026-03-16 15:54:08.0,,2.0,39,34,1.0465,10,," 05°12′09.19564″"," 06°28′38.30364″",29.1046,0.0000," 03°09′19″"," 256°40′43.76″"
106,sh102,133192.3955,446390.5319,9.0064," 05°12′05.50643″"," 06°28′40.60017″",9.0064,1.6717,0.0096,0.0091,0.0156,1,RTK Fix,2026-03-16 16:54:17.0,2026-03-16 16:54:17.0,2026-03-16 15:54:17.0,2026-03-16 15:54:17.0,,1.0,39,33,1.0262,10,," 05°12′09.19564″"," 06°28′38.30364″",29.1046,0.0000," 04°46′48″"," 248°47′59.97″"
107,sh103,133195.9178,446383.5578,8.9806," 05°12′05.62033″"," 06°28′40.37343″",8.9806,1.6717,0.0054,0.0053,0.0086,1,RTK Fix,2026-03-16 16:54:43.0,2026-03-16 16:54:43.0,2026-03-16 15:54:43.0,2026-03-16 15:54:43.0,,1.0,39,33,1.0194,10,," 05°12′09.19564″"," 06°28′38.30364″",29.1046,0.0000," 01°53′58″"," 210°42′30.02″"
108,sh104,133187.9229,446400.2018,9.0567," 05°12′05.36189″"," 06°28′40.91453″",9.0567,1.6717,0.0098,0.0094,0.0163,1,RTK Fix,2026-03-16 16:55:12.0,2026-03-16 16:55:12.0,2026-03-16 15:55:12.0,2026-03-16 15:55:12.0,,2.0,39,34,1.0313,10,," 05°12′09.19564″"," 06°28′38.30364″",29.1046,0.0000," 01°35′53″"," 195°54′24.32″"
109,sh105,133179.2963,446394.5469,9.0033," 05°12′05.08057″"," 06°28′40.73186″",9.0033,1.6717,0.0054,0.0052,0.0084,1,RTK Fix,2026-03-16 16:55:25.0,2026-03-16 16:55:25.0,2026-03-16 15:55:25.0,2026-03-16 15:55:25.0,,1.0,39,34,1.0596,10,," 05°12′09.19564″"," 06°28′38.30364″",29.1046,0.0000," 02°49′36″"," 72°58′04.71″"
110,sh106,133172.8072,446389.6641,9.2240," 05°12′04.86889″"," 06°28′40.57404″",9.2240,1.6717,0.0096,0.0092,0.0156,1,RTK Fix,2026-03-16 16:55:52.0,2026-03-16 16:55:52.0,2026-03-16 15:55:52.0,2026-03-16 15:55:52.0,,2.0,39,34,1.0458,10,," 05°12′09.19564″"," 06°28′38.30364″",29.1046,0.0000," 02°38′58″"," 48°28′02.06″"
111,sh107,133168.3443,446394.4268,9.2803," 05°12′04.72416″"," 06°28′40.72910″",9.2803,1.6717,0.0096,0.0089,0.0162,1,RTK Fix,2026-03-16 16:56:06.0,2026-03-16 16:56:06.0,2026-03-16 15:56:06.0,2026-03-16 15:56:06.0,,2.0,39,34,1.0437,10,," 05°12′09.19564″"," 06°28′38.30364″",29.1046,0.0000," 02°15′22″"," 76°10′05.99″"
112,sh108,133177.8185,446398.0372,9.1201," 05°12′05.03285″"," 06°28′40.84531″",9.1201,1.6717,0.0099,0.0094,0.0165,1,RTK Fix,2026-03-16 16:56:32.0,2026-03-16 16:56:32.0,2026-03-16 15:56:32.0,2026-03-16 15:56:32.0,,2.0,39,34,1.0424,10,," 05°12′09.19564″"," 06°28′38.30364″",29.1046,0.0000," 04°00′52″"," 85°26′27.47″"
113,sh109,133187.6106,446402.0642,9.2890," 05°12′05.35192″"," 06°28′40.97501″",9.2890,1.6717,0.0100,0.0097,0.0161,1,RTK Fix,2026-03-16 16:56:47.0,2026-03-16 16:56:47.0,2026-03-16 15:56:47.0,2026-03-16 15:56:47.0,,1.0,39,34,0.9859,10,," 05°12′09.19564″"," 06°28′38.30364″",29.1046,0.0000," 03°40′11″"," 191°35′47.02″"
114,sh110,133186.4530,446405.2003,9.2392," 05°12′05.31458″"," 06°28′41.07693″",9.2392,1.6717,0.0093,0.0088,0.0156,1,RTK Fix,2026-03-16 16:56:59.0,2026-03-16 16:56:59.0,2026-03-16 15:56:59.0,2026-03-16 15:56:59.0,,1.0,39,34,1.0213,10,," 05°12′09.19564″"," 06°28′38.30364″",29.1046,0.0000," 02°06′41″"," 149°55′21.06″"
115,sh111,133177.7775,446400.0865,9.1372," 05°12′05.03173″"," 06°28′40.91184″",9.1372,1.6717,0.0101,0.0096,0.0172,1,RTK Fix,2026-03-16 16:57:12.0,2026-03-16 16:57:12.0,2026-03-16 15:57:12.0,2026-03-16 15:57:12.0,,2.0,39,34,1.0287,10,," 05°12′09.19564″"," 06°28′38.30364″",29.1046,0.0000," 01°38′32″"," 98°33′09.28″"
116,sh112,133167.6930,446394.9726,9.2027," 05°12′04.70302″"," 06°28′40.74689″",9.2027,1.6717,0.0057,0.0054,0.0085,1,RTK Fix,2026-03-16 16:57:24.0,2026-03-16 16:57:24.0,2026-03-16 15:57:24.0,2026-03-16 15:57:24.0,,2.0,39,34,1.0312,10,," 05°12′09.19564″"," 06°28′38.30364″",29.1046,0.0000," 03°08′52″"," 17°50′02.19″"
